Dimension,Sample,Steps_Count,Computation_Time
4,0,1105,0.038000
4,1,1012,0.042000
4,2,1175,0.036000
4,3,981,0.037000
4,4,991,0.032000
4,5,938,0.034000
4,6,1061,0.037000
4,7,1086,0.036000
4,8,1006,0.034000
4,9,1000,0.034000
4,10,1117,0.042000
4,11,1180,0.040000
4,12,1256,0.038000
4,13,969,0.036000
4,14,1096,0.036000
4,15,1121,0.035000
4,16,1024,0.039000
4,17,1194,0.035000
4,18,1061,0.036000
4,19,1023,0.035000
4,20,1072,0.032000
4,21,1194,0.045000
4,22,975,0.029000
4,23,1085,0.037000
4,24,1107,0.045000
4,25,993,0.033000
4,26,1002,0.038000
4,27,1111,0.032000
4,28,1156,0.047000
4,29,1233,0.041000
4,30,852,0.030000
4,31,1257,0.042000
4,32,1029,0.031000
4,33,1066,0.039000
4,34,1043,0.035000
4,35,1159,0.034000
4,36,1181,0.039000
4,37,1299,0.045000
4,38,1140,0.034000
4,39,966,0.037000
4,40,1035,0.032000
4,41,1023,0.034000
4,42,1233,0.044000
4,43,1035,0.030000
4,44,999,0.037000
4,45,1214,0.039000
4,46,1151,0.033000
4,47,1109,0.038000
4,48,916,0.030000
4,49,1148,0.041000
